slang,formal,,,
covidingat,covid ingat,,,
sunti,suntik,,,
iy,iya,,,
tuju,setuju,,,
blg,bilang,,,
prokes,protokol sehat,,,
sihkalo,sih kalau,,,
jd,jadi,,,
hilang2,hilang,,,
org2,orang,,,
tks,terima kasih,,,
kemana2,mana,,,
maskerselalu,masker selalu,,,
tanganmenghindari,tangan hindar,,,
kerumunanpokok,kerumun,,,
az,astrazeneca,,,
blm,belum,,,
ngpain,ngapa,,,
tetep,tetap,,,
hri,hari,,,
dulu2,dulu,,,
skr,sekarang,,,
msih,masih,,,
ttep,tetap,,,
tp,tapi,,,
ngri,negeri,,,
ayam2,ayam,,,
pencitraanjeda,citra,,,
vaksinlalu,vaksin lalu,,,
positifbenerin,positif benar,,,
ttp,tetap,,,
brengan,bareng,,,
tpi,tapi,,,
kmna,mana,,,
apaanhahhh,apa,,,
paengen,ingin,,,
gman,bagaimana,,,
krja,kerja,,,
kntrnya,kantor,,,
tbuhny,tubuh,,,
vaksinnyny,vaksin,,,
mnrt,turut,,,
srt,surat,,,
vaksinlha,vaksin lha,,,
bangetmau,banget,,,
tetekbegk,susah,,,
thx,terima kasih,,,
oake,pakai,,,
ujungujungnya,ujung ujung,,,
pulang rahmatullah,tinggal,,,
ibtinya,inti,,,
hayuuu,yuk,,,
wlpun,walau,,,
kshatan,sehat,,,
trkdang,kadang,,,
gua,saya,,,
longgar2,longgar,,,
dkit,sedikit,,,
bodo,bodoh,,,
kbrnya,kabar,,,
jls,jelas,,,
mhon,mohon,,,
kangimana,kan bagaimana,,,
set,telah,,,
raka,mereka,,,
baruknp,baru kenapa,,,
ootknp,kenapa,,,
yuukkk,yuk,,,
gaguna,tidak guna,,,
blngnya,bilang,,,
terap,tetap,,,
chipnya,chip,,,
dudiplin,disiplin,,,
finishtapi,finish,,,
negatiflalu,negatif lalu,,,
isolasiterus,isolasi terus,,,
lagilalu,lagi lalu,,,
positifpadahal,positif padahal,,,
meskinpun,meski,,,
moga,moga,,,
bknnya,bukan,,,
hsl,hasil,,,
ssdh,sudah,,,
sfh,sudah,,,
sdh,sudah,,,
brantas,berantas,,,
msyrkt,masyarakat,,,
ktauan,tahu,,,
menclok,hinggap,,,
enggk,tidak,,,
paksa2,paksa,,,
pntg,penting,,,
santay,santai,,,
lebay2,lebay,,,
nambah2,tambah,,,
ajak2,ajak,,,
beratorang,berat orang,,,
mengalihkn,alih,,,
keefektipan,efektif,,,
sabunjangan,sabun jangan,,,
pcrcovid,pcr covid,,,
mnghilang,hilang,,,
hla,lha,,,
mntp,mantap,,,
gin,gini,,,
rame2,ramai,,,
bgt,banget,,,
pmbentukan,bentuk,,,
surabayaditolak,tolak,,,
oerlu,perlu,,,
muter2,muter,,,
ybs,yang sangkut,,,
sehulingga ,sehingga,,,
guru2,guru,,,
murid2,murid,,,
maskes,masker selalu,,,
kerjalalu,kerja lalu,,,
lagibisa,lagi bisa,,,
hadeeh,aduh,,,
masyrakattohh,masyarakat,,,
smbuh,sembuh,,,
ksimpulannya,simpul,,,
trllu,lalu,,,
berbahayamedia,bahaya media,,,
kopit,covid,,,
dst,dan terus,,,
gaberguna,tidak guna,,,
desa2,desa,,,
bayi2,bayi,,,
dlmnya,dalam,,,
sdikit,sedikit,,,
karn,karena,,,
dudah,sudah,,,
siasia,sia sia,,,
capecape,capai,,,
apaapaan,apa,,,
lu,kamu,,,
seharusa,harus,,,
kankalo,kan kalau,,,
kliaran,liar,,,
lamah,lemah,,,
cinovaak,sinovac,,,
tementemen,teman,,,
disiasiakan,sia sia,,,
sehatsehat,sehat,,,
thanks,terima kasih,,,
4bln,bulan,,,
sayasaya,saya,,,
jugaapa,juga apa,,,
sebernya,benar,,,
bagaimnaa,bagaimana,,,
yahkarena,ya karena,,,
sebulantolong,bulan tolong,,,
minmenkes,admin menkes,,,
fubgsi,fungsi,,,
sertifikt,sertifikat,,,
digitaldi,digital di,,,
tanyakenapa,tanya kenapa,,,
panassetelah,panas telah,,,
mlah,malah,,,
covidpdhal,covid padahal,,,
sehatsekarang,sehat sekarang,,,
isomantrus,isolasi mandiri,,,
gimanaorang,bagaimana orang,,,
semiga,moga,,,
skalian,kali,,,
dikorup2,korupsi,,,
gakaya,tidak seperti,,,
mol,mall,,,
kalo2,kalau,,,
belom,belum,,,
hmmmudah,mudah,,,
dpet,dapat,,,
jadwalpas,jadwal pas,,,
penuhterus,penuh terus,,,
onlinelol,online tolol,,,
dptsertifikat,dapat sertifikat,,,
ngarit,arit,,,
cov,covid,,,
wna,warga negara asing,,,
wni,warga negara indonesia,,,
halloo,halo,,,
blok,bodoh,,,
dongvaksin,dong vaksin,,,
ty,tanya,,,
jaminanjaminan,jaminan,,,
sertipikat,sertifikat,,,
piye,bagaimana,,,
intinye,inti,,,
yeh,ya,,,
2nyabolehkah,nya boleh kah,,,
meninggoy,tinggal,,,
blog,bodoh,,,
maknet,magnet,,,
cipnya,chip,,,
klaripikasi,klarifikasi,,,
amda,anda,,,
paksin,vaksin,,,
covit,covid,,,
mampus,tinggal,,,
terlallu,lalu,,,
rem,seram,,,
terjad,jadi,,,
umr,umur,,,
gppa,tidak apa apa,,,
langsusng,langsung,,,
respect,harga,,,
terinfeksivirus,infeksi virus,,,
bom,belum,,,
sapa,siapa,,,
jadwalvaksin,jadwal vaksin,,,
app,aplikasi,,,
menyusuisy,susu,,,
bgung,bingung,,,
apakaha,apakah,,,
jutahari,juta hari,,,
jutabulan,juta bulan,,,
pandemiprokes,pandemi protokol sehat,,,
paro,paruh,,,
dehsetahuku,deh tahu aku,,,
ragakasih,raga kasih,,,
diandalkanpayah,andal payah,,,
iniudah,ini sudah,,,
bisnisrakyatnya,bisnis rakyat,,,
dengernyaserasa,dengar rasa,,,
minnanya,admin tanya,,,
adaorang,ada orang,,,
tengahsemoga,tengah moga,,,
vaksinmau,vaksin mau,,,
facksin,vaksin,,,
fcksin,vaksin,,,
berminggudan,minggu dan,,,
perasalidah,rasa lidah,,,
domisilikebijakan,domisili bijak,,,
nta,nya,,,
bronkhitisdan,bronkhitis dan,,,
wes,sudah,,,
sangune,bekal,,,
teraturbismilah,atur bismillah,,,
bapakibu,bapak ibu,,,
biaa,bisa,,,
detil,detail,,,
du,di,,,
knapa,kenapa,,,
ali,asli,,,
pemerin,perintah,,,
apamohon,apa mohon,,,
responke,respon,,,
terimaharus,terima harus,,,
dulutapi,dulu tapi,,,
orangbingung,orang bingung,,,
nihgak,nih tidak,,,
podowae,sama aja,,,
ora,tidak,,,
iso,bisa,,,
kene,kena,,,
jawabbb,jawab,,,
vaksinpas,vaksin pas,,,
kerumunangmn,kerumun bagaimana,,,
informasinteman,informasi teman,,,
kurangaplg,kurang apalagi,,,
duasedangkan,dua sedang,,,
royongada,royong ada,,,
klrg,keluarga,,,
system,sistem,,,
positive,positif,,,
sono,sana,,,
edran,edar,,,
aturanya,atur,,,
spya,supaya,,,
luarmasa,luar masa,,,
dalem,dalam,,,
amitamit,amit amit,,,
desakdesakan,desak,,,
mainmainlah,main,,,
sek,sesak,,,
dihilangkanini ,hilang ini,,,
beratasam,berat asam,,,
naiklemas,naik lemas,,,
dinginapa,dingin apa,,,
asthma,asma,,,
kenapaapakah,kenapa apa,,,
antree,antri,,,
ktptp,kartu tanda penduduk,,,
terkonfirm,konfirmasi,,,
tdinya,tadi,,,
bangeteh,banget,,,
sakitn,sakit,,,
baeitu,aja itu,,,
makanminumngerokok,makan minum rokok,,,
fungsix,fungsi,,,
kemnkes,kemenkes,,,
teu,tidak,,,
kabagean,bagi,,,
wae,aja,,,
yamasih,ya masih,,,
jelatadulu,jelata dulu,,,
divaksinasisekarang,vaksin sekarang,,,
vaksinasicukup,vaksin cukup,,,
dokvaksin,dok vaksin,,,
rebutandidesa,rebut di desa,,,
sayadan,saya dan,,,
gratisblm,gratis belum,,,
lempenglemprng,lempeng,,,
vaksinudh,vaksin sudah,,,
setengahsetengah,tengah,,,
mengatri,antri,,,
vaksindan,vaksin dan,,,
stlah,telah,,,
tidaak,tidak,,,
nyakudu,harus,,,
syekali,sekali,,,
minbnyk,admin banyak,,,
taudi,tau di,,,
manakpn,mana kapan,,,
vaksinkdg,vaksin kadang,,,
nyaripas,nyari pas,,,
dapatgimana,dapat bagaimana,,,
vakdin,vaksin,,,
vaksinmohon,vaksin mohon,,,
nyamksh,terima kasih,,,
gabanyak,tidak banyak,,,
mendaptkan,dapat,,,
kotakota,kota,,,
bgng,bingung,,,
toling,tolong,,,
bisasaya,bisa saya,,,
divaksinmohon,vaksin mohon,,,
disebutpdhl,sebut padahal,,,
tracingkami,tracing kami,,,
vaksinatorsehari,vaksinator hari,,,
kamikami,kami,,,
syedih,sedih,,,
dftr,daftar,,,
onlinelanjur,online lanjur,,,
skalinya,sekali,,,
onlinepdhal,online padahal,,,
mnggal,tinggal,,,
dbagi,bagi,,,
caranyq,cara,,,
zenecaditambahkan,zeneca,,,
gaboleh,tidak boleh,,,
tandatanda,tanda,,,
urutvll,urut,,,
umummohon ,umum mohon,,,
covidjarumnya,covid jarum,,,
nyadari,dari,,,
kbar,kabar,,,
sayah,saya,,,
vaksinjd,vaksin,,,
tsbapa,sebut apa,,,
lagirazia,lagi razia,,,
lgini,lagi ini,,,
sosialpetugas,sosial petugas,,,
cip,chip,,,
ra,tidak,,,
waras,sehat,,,
inibingung,ini bingung,,,
fokusmana,fokus mana,,,
edan,gila,,,
arep,mau,,,
maskerdanvaksinmembunuhmu,masker dan vaksin bunuh,,,
b,b,,,
b2,babi,,,
berhbung,hubung,,,
apaanhah,apa hah,,,
beranijujur,berani jujur,,,
jujurlahwalaulangitakanruntuh,jujur lah walau langit akan runtuh,,,
covidpadahal,covid padahal,,,
cvd,covid,,,
heraan,heran,,,
sklinya,sekali,,,
pngumuman,pengumuman,,,
trimakasih,terima kasih,,,
bakik,baik,,,
tida,tidak,,,
apakha,apakah,,,
dipke,pakai,,,
dvaksin,vaksin,,,
irg,orang,,,
stl,telah,,,
mingguminggu,minggu,,,
vaksintapi,vaksin tapi,,,
trnama,nama,,,
didahulukankenapa,dahulu kenapa,,,
positip,positif,,,
sweb,swab,,,
alkitabkatakanlah,alkitab kata,,,
tsbbuktinya,sebut bukti,,,
vaksinjadi,vaksin jadi,,,
mksudnya,maksud,,,
vaksinapakah,vaksin apa,,,
ndk,tidak,,,
tiati,hati,,,
sinovacsusah,sinovac susah,,,
keluargamau,keluarga mau,,,
seharusnyakl,harus kalo,,,
njlimet,susah,,,
aplg,apa lagi,,,
zeneka,zeneca,,,
olek,oleh,,,
kefikiran,pikir,,,
coronavacsinovac,vaksin,,,
useless,tidak guna,,,
yaudah,ya udah,,,
rs,rumah sakit,,,
percumah,percuma,,,
kenpa,kenapa,,,
memprduksi,produksi,,,
antivirus,anti virus,,,
negarasegala,negara segala,,,
bansoskl,bansos kalo,,,
kab,kabupaten,,,
sakitngdrop,sakit,,,
menakutnakuti,takut,,,
nantisusah,nanti susah,,,
semuaaturan,semua atur,,,
manasudah,mana sudah,,,
merajalelacoba,rajalela coba,,,
vaksinktp,vaksin,,,
daftarnyaapakah,daftar apa,,,
prokesdaftar,protokol sehat,,,
nigara,gara gara,,,
sehatt,sehat,,,
sakitt,sakit,,,
maksin,vaksin,,,
matiskit,mati sakit,,,
resikunya,resiko,,,
igt,gitu,,,
ogak,tidak mau,,,
sudha,sudah,,,
qda,ada,,,
aprildan,april dan,,,
pusingpanasdiare,pusing panas diare,,,
sembuhapakah,sembuh apakah,,,
itupadahal,itu padahal,,,
bupatiwalikotacamatlurahnyabahwa,bupati walikota camat lurah bahwa,,,
menyebabkn,sebab,,,
penuherror,penuh salah,,,
pasuruansementara,pasuruan sementara,,,
vaksinnkebakaran,vaksin bakar,,,
buatanya,buat,,,
nohon,mohon,,,
pakdisaat,bapak saat,,,
tmp,tempat,,,
tpga,tapi tidak,,,
dilakhkan,lakukan,,,
mengalamimemiliki,alam milik,,,
ringansedang,ringan sedang,,,
pascavaksin,pasca vaksin,,,
minkalau,admin kalau,,,
bisabisanya,bisa bisa,,,
lebihuud,lebih uud,,,
banyk,banyak,,,
amerikavaksin,amerika vaksin,,,
cinakenapa,cina kenapa,,,
berbayarkarena,bayar karena,,,
susahapa,susah apa,,,
berbayarpasti,bayar pasti,,,
susahsaya,susah saya,,,
vaksinnyatanya,vaksin nyata,,,
vaksinadanya,vaksin ada,,,
kebagiankasian,bagi kasihan,,,
susahada,susah ada,,,
gilavaksin,gila vaksin,,,
mks,terima kasih,,,
vaksinbnyk,vaksin banyak,,,
kluarkan,keluar,,,
anehapakah,aneh apakah,,,
sendirimembuat,sendiri buat,,,
orgksihan,orang kasihan,,,
kluarpdahal,keluar padahal,,,
kerjakarena,kerja karena,,,
haterus,terus,,,
vaksinnyayah,vaksin ya,,,
kluarin,keluar,,,
ppkmkalau,ppkm kalau,,,
bgituin,begitu,,,
pnjajahan,penjajah,,,
rakyatkarena,rakyat karena,,,
sbagian,bagi,,,
vaksinhrus,vaksin harus,,,
trpaksa,paksa,,,
nasiterus,nasi terus,,,
kluarsama,keluar sama,,,
kemahalandan,mahal dan,,,
mutunyatdk,mutu tidak,,,
sebelmnya,belum,,,
dibilanh,bilang,,,
bolakbalik,bolak balik,,,
rspn,respon,,,
dongjadwal,dong jadwal,,,
habisgimana,habis bagaimana,,,
gegara,gara gara,,,
vaksinnyani,vaksin,,,
bagushmm,bagus,,,
puskesmaspenyelenggara,puskesmas selenggara,,,
dulukasian,dulu kasihan,,,
tlf,telpon,,,
terdaftarbelum,daftar belum,,,
hariditolak,hari tolak,,,
domisilimasa,domisili masa,,,
sarat,syarat,,,
vaksingimana,vaksin bagaimana,,,
sinovack,sinovac,,,
tlong,tolong,,,
vaksinantibodi,vaksin antibodi,,,
aka,alias,,,
ribetkapan,ribet kapan,,,
keatasdibantu,atas bantu,,,
kemenkesrikab,kemenkes ri kabupaten,,,
payahbantuannya,payah bantu,,,
eike,saya,,,
haduhh,aduh,,,
sinovacastrazeneca,sinovac astrazeneca,,,
dapethaid,dapat haid,,,
kga,tidak,,,
kopid,covid,,,
prtama,pertama,,,
cokvid,covid,,,
nak,mau,,,
siapo,siapa,,,
kec,kecamatan,,,
ahvaksinvaksin,ah vaksin vaksin,,,
lom,belum,,,
ampek,sampai,,,
ndatangi,datang,,,
cvid,covid,,,
gainfo,tidak informasi,,,
lampungharus,lampung harus,,,
disinimedan,sini medan,,,
jugakarna,juga karena,,,
sistemny,sistem,,,
vaksinmasyarakat,vaksin masyarakat,,,
ditambahtempat,tambah tempat,,,
vaksinvaksinnya,vaksin vaksin,,,
nny,tanya,,,
kpala,kepala,,,
masyrkt,masyarakat,,,
gelo,gila,,,
sia,kamu,,,
manyangkut,sangkut,,,
trs,terus,,,
yagimana,ya bagaimana,,,
jooss,jos,,,
pinterpinternya,pintar pintar,,,
gratistpj,gratis tapi,,,
diperjualbelikan,jual beli,,,
covidakhirnya,covid akhir,,,
vaksinnyangkut,vaksin sangkut,,,
nihharap,nih harap,,,
dsruh,suruh,,,
habiskosong,habis kosong,,,
ude,udah,,,
baanyak,banyak,,,
mauyg,mau yang,,,
sekalisetelah,sekali telah,,,
vaksinbapak,vaksin bapak,,,
ribetlebih,ribet lebih,,,
percepatsudah,cepat sudah,,,
trpapar,papar,,,
bhkan,bahkan,,,
mninggal,tinggal,,,
igdkena,igd kena,,,
napassampai,nafas sampai,,,
paruparahakhir,paru parah akhir,,,
meninggalso,tinggal,,,
maj,mau,,,
dipercepatmasyarakat,cepat masyakarat,,,
bhgan,bagian,,,
kerjaterbang,kerja terbang,,,
lamavaksin,lama vaksin,,,
ditelp,telpon,,,
pnas,panas,,,
setlh,telah,,,
yakenapa,ya kenapa,,,
ksong,kosong,,,
dempetn,dempet,,,
asaln,asal,,,
kondisindi,kondisi di,,,
tibatiba,tiba tiba,,,
sebelim,belum,,,
buanyak,banyak,,,
susahny,susah,,,
abisfull,habis penuh,,,
habisterus,habis terus,,,
agustusnamun,agustus namun,,,
sinovackelewatan,sinovac lewat,,,
lngs,langsung,,,
vaksinyang,vaksin yang,,,
saangat,sangat,,,
sekalivaksin,sekali vaksin,,,
dijawabb,jawab,,,
penjelasannyaterima,jelas terima,,,
sinovacogah,sinovac tidak mau,,,
stngahap,tengah,,,
dam,dan,,,
dimanamana,mana mana,,,
rtrw,rt rw,,,
vaaksinasi,vaksinasi,,,
fulleh,full,,,
yaiyalah,ya iya,,,
edaruji,edar uji,,,
vaksil,vaksin,,,
tojos,suntik,,,
idtapi,id tapi,,,
jatahsaya,jatah saya,,,
pkdkenapa,pkd kenapa,,,
dikotakkotakkan,kotak kotak,,,
beginibukankah,begini bukan,,,
masyarakatkalo,masyarakat kalau,,,
mataramvaksin,mataram vaksin,,,
vaksinharusnya,vaksin harus,,,
wargakalo,warga kalau,,,
maksimalkarena,maksimal karena,,,
vaksinanmohon,vaksin mohon,,,
sihmalah,sih malah,,,
tolonglahaturan,tolong aturan,,,
negatifmeskipun,negatif meski,,,
covidsaya,covid saya,,,
positifpas,positif pas,,,
negatifselalu,negatif lalu,,,
negatiftiba,negatif tiba,,,
demamdan,demam dan,,,
timbuldan,timbul dan,,,
positifbisakah,positif bisaa,,,
jelaskanpenularan,jelas tular,,,
kerna,karena,,,
vaksinperlu,vaksin perlu,,,
stock,stok,,,
sakittan,sakit,,,
antibidi,anti bodi,,,
vksin,vaksin,,,
pnykit,sakit,,,
tinggibeda,tinggi beda,,,
dilapangpada,lapang pada,,,
duuhlama,aduh lama,,,
satus,status,,,
aturkenyataannya,atur nyata,,,
divaksinnah,vakin nah,,,
siswaparkiran,siswa parkir,,,
jdnya,jadi,,,
semuakrn,semua karena,,,
sbysy,surabaya saya,,,
mekanismenyakacauu,mekanisme kacau,,,
parahhhjengkelll,parah jengkel,,,
dijdkan,jadi,,,
amanini,aman ini,,,
jarakkanan,jarak kanan,,,
kiridpn,kiri depan,,,
blkg,belakang,,,
kokjd,kok jadi,,,
kosoong,kosong,,,
medansetiap,medan tiap,,,
cak,cek,,,
vsemua,semua,,,
tapu,tapi,,,
gedek,gede,,,
ngumpulngumpul,kumpul kumpul,,,
masuksemua,masuk semua,,,
pdhlsaya,padahal saya,,,
sekaliapa,sekali apa,,,
pedulilindungiinstagram,peduli lindung instagram,,,
aktiftwitter,aktif twitter,,,
aktifemaildibalikin,aktif email balik,,,
ngomongdi,ngomong di,,,
vaksinsertifikat,vaksin sertifikat,,,
gaadadi,tidak ada di,,,
vaksinnik,vaksin nik,,,
muluaku,mulu aku,,,
piyyeeekatanya,bagaimana kata,,,
indonesialalu,indonesia lalu,,,
pie,bagaimana,,,
july,juli,,,
desadesa,desa desa,,,
kabkota,kabupaten kota,,,
melaksnkn,laksana,,,
rakyt,rakyat,,,
pendk,penduduk,,,
vaksinkalo,vaksin kalau,,,
divaksinminim,vaksin minim,,,
sxnya,sekali,,,
nk,mau,,,
yakan,iya kan,,,
teruspadahal,terus padahal,,,
protokolmembolehkan,protokol boleh,,,
vaksinapa,vaksin apa,,,
gitudan,gitu dan,,,
lagihey,lagi hai,,,
pentingtapi,penting tapi,,,
ilmutapi,ilmu tapi,,,
laintidak,lain tidak,,,
irang,orang,,,
eeopa,eropa,,,
budok,bu dok,,,
administrasikebutuhan,administrasi butuh,,,
mjd,jadi,,,
jadwaltgl,jadwal tanggal,,,
bgm,bagaimana,,,
vaksinklo,vaksin kalau,,,
doksoalnya,dok soal,,,
korona,covid,,,
february,februari,,,
telp,telepon,,,
negative,negatif,,,
pangil,panggil,,,
statusny,status,,,
covidngga,covid tidak,,,
minn,admin,,,
minsaya,admin saya,,,
amazingg,amazing,,,
quota,kuota,,,
nov,november,,,
ln,luar negeri,,,
sd,sampai dengan,,,
tpt,tempat,,,
divaksinkahtlng,vaksin kah tolong,,,
perbedaana,beda,,,
wn,warga negara,,,
sape,siapa,,,
kecpesanggaran,kecamatan pesanggaran,,,
kabbanyuwangi,kabupaten banyuwangi,,,
mhn,mohon,,,
maafmau,maaf mau,,,
bertanyakalau,tanya kalau,,,
jantungapakah,jantung apakah,,,
vaksinsaat,vaksin saat,,,
mya,nya,,,
kontrakanapakah,kontrak apakah,,,
kasihmohon,kasih mohon,,,
donkortu,dong ortu,,,
vaksintolong,vaksin tolong,,,
vaccines,vaksin,,,
vaksintlp,vaksin telepon,,,
dongkalo,dong kalo,,,
bkm,belum,,,
gbsa,tidak bisa,,,
seriusnanya,serius tanya,,,
tdknya,tidak,,,
vaksinnyaastra,vaksin astrazeneca,,,
lsngsung,langsung,,,
thankyou,terima kasih,,,
terimakasih,terima kasih,,,
ktpsetempat,kartu tanda penduduk tempat,,,
isman,isolasi mandiri,,,
spa,apa,,,
melahirka,lahir,,,
tak,tidak,,,
vaksinya,vaksin,,,
apajah,apakah,,,
max,maksimal,,,
plis,tolong,,,
plz,tolong,,,
please,tolong,,,
anggreklalu,anggrek lalu,,,
onlinemasih,online masih,,,
onlineutk,online untuk,,,
full,penuh,,,
minklo,admin kalau,,,
sihtempat,sih tempat,,,
adm,admin,,,
nyabolehkah,boleh kah,,,
kuata,kuota,,,
study,studi,,,
sonovac,sinovac,,,
mpe,sampai,,,
kduanya,kedua,,,
slnjutnya,lanjut,,,
kemuadian,kemudian,,,
pakibu,bapak ibu,,,
sqya,saya,,,
dqerah,darah,,,
menjangkaukawasan,jangkau kawasan,,,
villagelippo,village lippo,,,
royongvgr,royong,,,
lomvaksinknp,belum vaksin kenapa,,,
untut,untuk,,,
ajasedangkan,aja sedang,,,
apotikklinik,apotik klinik,,,
vansinasi,vaksinasi,,,
no,nomor,,,
dongkmrn,dong kemarin,,,
orangmisal,orang misal,,,
gmnabiar,bagaimana biar,,,
sinov,sinovac,,,
says,saya,,,
kalipadahal,kali padahal,,,
pertamaini,pertama ini,,,
otgcovid,otg covid,,,
sakitcovid,sakit covid,,,
otgdari,otg dari,,,
keduacovid,kedua covid,,,
sajapak,saja bapak,,,
pliss,tolong,,,
keduaapakah,kedua apakah,,,
udang,undangan,,,
sertifikas,sertifikat,,,
tny,tanya,,,
mu,mau,,,
nggeh,ya,,,
tinggisebenernya,tinggi benar,,,
abet,diabetes,,,
diabet,diabetes,,,
begaimana,bagaimana,,,
gol,golongan,,,
daera,daerah,,,
keteranagn,keterangan,,,
umumlansia,umum lansia,,,
solusisaya,solusi saya,,,
sinovax,sinovac,,,
iki,ini,,,
gelem,mau,,,
berpa,berapa,,,
jrak,jarak,,,
sinovak,sinovac,,,
vaksinsaya,vaksin saya,,,
telpn,telepon,,,
tlpn,telepon,,,
baksin,vaksin,,,
mendadat,darat,,,
pernh,pernah,,,
vak,tidak,,,
samsek,sama sekali,,,
wajibkantapi,wajib kan tapi,,,
kapansngat,kapan sangat,,,
dapatsmntara,dapat sementara,,,
trusmohon,terus mohon,,,
begitusemoga,begitu moga,,,
berisikokalo,risiko kalau,,,
baikapalagi,baik apalagi,,,
balikpapansaya,balikpapan saya,,,
disanasaya,sana saya,,,
gkberapa,tidak berapa,,,
berbayarsoalnya,bayar soal,,,
gmnkarna,bagaimana karena,,,
kabara,kabar,,,
vaksinapabila,vaksin apabila,,,
yaapakah,ya apakah,,,
dilakukanterimakasih,laku terima kasih,,,
hijaukuning,hijau kuning,,,
rendahsedang,rendah sedang,,,
pfizermodernaaz,pfizer moderna astrazeneca,,,
kbanyakan,banyak,,,
berbayarapakah,bayar apakah,,,
terkendalijangan,kendali jangan,,,
belikansaya,beli saya,,,
divaksinx,vaksin,,,
mgg,minggu,,,
asingsilahkan,asing silah,,,
agaktidak,agak tidak,,,
hambatanhambatan,hambat hambat,,,
katany,kata,,,
astrazeneka,astrazeneca,,,
tngan,tangan,,,
minmisal,admin misal,,,
nannyaa,tanya,,,
anosmiaa,anosmia,,,
sisdapet,sis dapat,,,
yosutris,ya stres,,,
eikee,saya,,,
covidliat,covid liat,,,
kayae,kayak,,,
mendajab,jawab,,,
intensife,intensif,,,
oknumvaksin,oknum vaksin,,,
pemerintahbukan,perintah bukan,,,
astrazenela,astrazeneca,,,
pertamaboleh,pertama boleh,,,
covidkelompok,covid kelompok,,,
italiabaca,italia baca,,,
diharapkanbaca,harap baca,,,
tersediahasil,sedia hasil,,,
berlangsungdata,langsung data,,,
ditungguimunogenisitas,tunggu imunogenisitas,,,
surelseharusnya,surel harus,,,
whosumber,who sumber,,,
reutersbaca,reuters baca,,,
covidbaca,covid baca,,,
deltapenerjemah,delta terjemah,,,
pramudyanieditor,pramudyani editor,,,
sunyotocopyright,sunyoto copyright,,,
kitah,kita,,,
kesehatanrakyat,sehat rakyat,,,
hsrus,harus,,,
yasaya,ya saya,,,
semarangapa,semarang apa,,,
injin,izin,,,
ijin,izin,,,
masy,masyarakat,,,
p,p,,,
viros,virus,,,
hypertensi,hipertensi,,,
tanyatolongbantuanya,tanya tolong bantuan,,,
nomer,nomor,,,
kampungbinggris,kampung inggris,,,
dnger,dengar,,,
jnis,jenis,,,
ituklu,itu kalau,,,
entar,nanti,,,
de,di,,,
kabcilacap,kabupaten cilacap,,,
kecmajenang,kecamatan majenang,,,
mindapat,admin dapat,,,
walopun,walau,,,
wil,wilayah,,,
disruh,suruh,,,
dftar,daftar,,,
ggak,tidak,,,
sosialisaiinfo,sosialisasi info,,,
mslah,masalah,,,
mengakibtkan,akibat,,,
dsb,dan bagai,,,
ngatif,negatif,,,
pstif,positif,,,
bayarkmrin,bayar kemarin,,,
divaksinasirekan,vaksinasi rekan,,,
symptomaticterima,symptomatic terima,,,
tanyasaat,tanya saat,,,
bwa,bawa,,,
vaksinnyatrus,vaksin terus,,,
lm,lama,,,
trnksh,terima kasih,,,
tlfn,telepon,,,
minmau,admin mau,,,
thnapakah,tahun apa,,,
bertanyasaya,tanya saya,,,
pertamatapi,pertama tapi,,,
fullsekalinya,full sekali,,,
kermh,ke rumah,,,
faskespadahal,faskes padahal,,,
berlimpahalasan,limpah alas,,,
mskyg,masuk yang,,,
bgaimna,bagaimana,,,
daptar,daftar,,,
menjelaskantrimakasih,jelas terima kasih,,,
sebelumnyatolong,belum tolong,,,
jelassetiap,jelas tiap,,,
bedapusing,beda pusing,,,
paksaya,bapak saya,,,
penuhsudah,penuh sudah,,,
adasedangkan,ada sedang,,,
respondan,respon dan,,,
shg,sehingga,,,
ubtuk,untuk,,,
oengaduan,adu,,,
tahumohon,tahu mohon,,,
benrvaksin,benar vaksin,,,
dipusatbagaimn,pusat bagaimana,,,
vaksinkrn,vaksin karena,,,
peraturn,peraturan,,,
septmber,september,,,
tidk,tidak,,,
vaksintidak,vaksin tidak,,,
dapt,dapat,,,
gajiupah,gaji upah,,,
rendahanemia,rendah anemia,,,
krg,kurang,,,
lahsusah,lah susah,,,
mengaggap,anggap,,,
dann,dan,,,
adaaa,ada,,,
kesianganyang,siang yang,,,
disinfectedcar,disinfected car,,,
indonesiabaik,indonesia baik,,,
indonesiasehat,indonesia sehat,,,
orangorang,orang orang,,,
dilkukan,laku,,,
dijawa,di jawa,,,
antibody,anti bodi,,,
dihapuss,hapus,,,
vasilitas,fasilitas,,,
pfitzermodena,pfizer moderna,,,
sertivikat,sertifikat,,,
trmasyuk,masuk,,,
bredar,edar,,,
bilg,bilang,,,
bukantoh,bukan,,,
mlamar,lamar,,,
psawat,pesawat,,,
seorga,seorang,,,
miin,admin,,,
agst,agustus,,,
pakintrospeksi,bapak introspeksi,,,
susak,susah,,,
pnyakit,sakit,,,
sedngkan,sedang,,,
skejul,jadwal,,,
boskenapa,bos kenapa,,,
berkalikali,kali kali,,,
nil,nihil,,,
sepipu,sepupu,,,
yllu,yang lalu,,,
gemboorkan,gembor,,,
minbenerin,admin bener,,,
dongsertifikat,dong sertifikat,,,
dosia,dosis,,,
lpn,kapan,,,
jafwalnnya,jadwal,,,
agistus,agustus,,,
nehh,ini,,,
noh,itu,,,
kna,kena,,,
fitpunya,fit punya,,,
suamiistri,suami istri,,,
orgnya,orang,,,
dongkalau,dong kalau,,,
langsungterus,langsung terus,,,
bolehtp,boleh tapi,,,
mada,ada,,,
ditny,tanya,,,
sayamalah,saya malah,,,
bolehtolong,boleh tolong,,,
minsurabaya,admin surabaya,,,
turunpendistribusiannya,turun distribusi,,,
ajatanpa,aja tanpa,,,
terpaparsaya,papar saya,,,
telpnya,telepon,,,
tanyaa,tanya,,,
libdung,lindung,,,
gmnaa,bagaimana,,,
padaha,padahal,,,
karttu,kartu,,,
barcodenyaa,barcode,,,
timurwilayah,timur wilayah,,,
gresikkpn,gresik kapan,,,
lgkrn,lagi karena,,,
sedikittrs,sedikit terus,,,
sygnya,sayang,,,
sx,sekali,,,
berlakukasian,laku kasihan,,,
tggl,tanggal,,,
kurangtidak,kurang tidak,,,
feb,februari,,,
endonesya,indonesia,,,
swabnya,swab,,,
tundacontoha,tunda contoh,,,
terllau,terlalu,,,
ken,ingin,,,
divaksinsdh,vaksin sudah,,,
hbsterakhir,habis akhir,,,
kuotanyatidak,kuota tidak,,,
beritapwmerintah,berita perintah,,,
gppbikin,tidak apa apa bikin,,,
sekanario,skenario,,,
nang,yang,,,
lhobukan,lho bukan,,,
rhn,tahun,,,
maximal,maksimal,,,
trm,terima,,,
kemarintapi,kemarin tapi,,,
confim,konfirmasi,,,
lindungitdak,lindung tidak,,,
sert,sertifikat,,,
gel,pegal,,,
sakititu,sakit itu,,,
kahtrs,kah terus,,,
pertamamau,pertama mau,,,
tanya jarak,tanya jarak,,,
sinovacterimakasih,sinovac terima kasih,,,
jafi,jadi,,,
eeh,eh,,,
papat,papar,,,
n,dan,,,
minggukenapa,minggu kenapa,,,
apl,aplikasi,,,
trcatat,catat,,,
sdgkan,sedang,,,
minmaaf,admin maaf,,,
tkt,takut,,,
select,pilih,,,
inimi,ini mi,,,
bacak,baca,,,
ta,ya,,,
sertifikatnyasdh,sertifikat sudah,,,
terdaftarbagaimana,daftar bagaimana,,,
dimakassar,di makassar,,,
ketidakjelasan,tidak jelas,,,
ketidakpastian,tidak pasti,,,
kendalsemarang,kendal semarang,,,
solusiny,solusi,,,
hurup,huruf,,,
deng,dengan,,,
allaah,allah,,,
vaccine,vaksin,,,
masal,massal,,,
nyaterima,terima,,,
postifnya,positif,,,
antrianya,antri,,,
ramenya,ramai,,,
genjala,gejala,,,
masook,masuk,,,
sihnggak,sih tidak,,,
sept,september,,,
maubgm,mau bagaimana,,,
stocknya,stok,,,
dapatlanjut,dapat lanjut,,,
entahlahgk,entah tidak,,,
pagisalam,pagi salam,,,
hormatsaya,hormat saya,,,
puskesmasfaskes,puskesmas faskes,,,
vaksinga,vaksin tidak,,,
ol,online,,,
digitalcara,digital cara,,,
vaksinbadan,vaksin badan,,,
vaksinbiar,vaksin biar,,,
ayovaksinayosehat,ayo vaksin ayo sehat,,,
aturn,atur,,,
enggak,tidak,,,
didepok,di depok,,,
apaapa,apa apa,,,
jarakit,jarak,,,
gadapet,tidak dapat,,,
kouta,kuota,,,
ituada,itu ada,,,
jayatanggal,jaya tanggal,,,
sawittanggal,sawit tanggal,,,
tanggaltanggal,tanggal,,,
adamohon,ada mohon,,,
tercetaksedangkan,cetak sedang,,,
lindungidata,lindung data,,,
keduaini,kedua ini,,,
datamasa,data masa,,,
lengkapbagaimana,lengkap bagaimana,,,
adminsy,admin saya,,,
vaksinsy,vaksin saya,,,
astramohon,astrazeneca mohon,,,
nyasy,saya,,,
smsin,sms,,,
lohsaya,lho saya,,,
jggimana,juga bagaimana,,,
mindi,admin di,,,
bisaeror,bisa eror,,,
malysia,malaysia,,,
wajipkan,wajib,,,
stabilcuma,stabil cuma,,,
sekalidan,sekali dan,,,
kerumunansmoga,kerumun moga,,,
sewajam,sewa jam,,,
kittselaluada,kitt selalu ada,,,
disurabaya,di surabaya,,,
diriau,di riau,,,
mnimal,minimal,,,
susahsusah,susah susah,,,
vaksintiap,vaksin tiap,,,
ditangerang,di tangerang,,,
kabupatenterima,kabupaten terima,,,
aplikasiwebsite,aplikasi website,,,
whatmohon,apa mohon,,,
oedukilindungi,pedulilindungi,,,
aztra,astrazeneca,,,
mordena,moderna,,,
lebihsebenarnya,lebih benar,,,
jmlh,jumlah,,,
trjdi,jadi,,,
nihilkosong,nihil kosong,,,
healthiesfaktanya,healthies fakta,,,
peratuaran,atur,,,
ythjika,yth jika,,,
digunakanktp,guna ktp,,,
trimaksh,terima kasih,,,
ktpnya,ktp,,,
vaksinnyo,vaksin,,,
dongmakasih,dong terima kasih,,,
didownload,download,,,
diadain,ada,,,
keluarahan,kelurahan,,,
disekolahsekolah,sekolah sekolah,,,
kelasuntuk,kelas untuk,,,
smkbertahap,smk tahap,,,
pakdidistribusikan,bapak distribusi,,,
fiuhemang,memang,,,
kudu,harus,,,
done,selesai,,,
terdftar,daftar,,,
mengasih,kasih,,,
mengantri,antri,,,
mengurusi,urus,,,
kelar,selesai,,,
lupaa,lupa,,,
bantusaya,bantu saya,,,
pertamatetapi,pertama tapi,,,
ttapi,tapi,,,
tetpi,tapi,,,
terkoordinir,koordinir,,,
seko,sekolah,,,
divaksinkarena,vaksin karena,,,
walubitapi,walubi tapi,,,
temen,teman,,,
temenku,teman,,,
check,cek,,,
ngelink,link,,,
mecing,cocok,,,
anakanak,anak anak,,,
pekalongandan,pekalongan dan,,,
hert,herd,,,
tbentuk,bentuk,,,
berktp,ktp,,,
apkh,apakah,,,
minjng,admin jangan,,,
lo,lho,,,
dijdwal,jadwal,,,
pakbu,bapak ibu,,,
meratasaya,rata saya,,,
vaksinsusah,vaksin susah,,,
mencaripadahal,cari padahal,,,
jadual,jadwal,,,
mantaapp,mantap,,,
mantep,mantap,,,
vaksimasi,vaksinasi,,,
covidnya,covid,,,
positifsalam,positif salam,,,
bokap,bapak,,,
covidapa,covid apa,,,
vaksindiobatin,vaksin obat,,,
drmh,rumah,,,
skeluarga,keluarga,,,
nebus,tebus,,,
obt,obat,,,
sht,sehat,,,
lampungvditunda,lampung tunda,,,
pemerataanya,rata,,,
sertifikatnyaa,sertifikat,,,
call,telepon,,,
sbukk,sibuk,,,
kemenkesdan,kemenkes dan,,,
tuket,tiket,,,
bagaibmana,bagaimana,,,
semuakeyboardnya,semua keyboard,,,
prrtama,pertama,,,
kelurahanatau,kelurahan atau,,,
kecamatanatau,kecamatan atau,,,
selatandesa,selatan desa,,,
bantursudah,bantur sudah,,,
vaksindipermudah,vaksin mudah,,,
mendpt,dapat,,,
astrazenecavaksin,astrazeneca vaksin,,,
tagl,tanggal,,,
pengen,ingin,,,
wis,sudah,,,
sido,jadi,,,
vaksine,vaksin,,,
instant,instan,,,
sekarg,sekarang,,,
serifikat,sertifikat,,,
diwebsite,website,,,
valsin,vaksin,,,
jamhari,jam hari,,,
booater,booster,,,
ut,untuk,,,
boosternya,booster,,,
biat,biar,,,
senenjd,senen jadi,,,
insantif,insentif,,,
indak,tidak,,,
nda,tidak,,,
vaksinkok,vaksin kok,,,
yaampun,ya ampun,,,
lwbih,lebih,,,
dipanjangin,panjang,,,
tggu,tunggu,,,
yag,yang,,,
berkomorbid,komorbid,,,
xpt,cepat,,,
daerahsy,daerah saya,,,
modena,moderna,,,
indonesiasalam,indonesia salam,,,
teruskemarin,terus kemarin,,,
menyuratdll,surat,,,
harusny,harus,,,
modernaphizer,moderna pfizer,,,
didatangi,datang,,,
gamubazir,tidak mubazir,,,
kesi,kasihan,,,
resiko,risiko,,,
sdngkan,sedang,,,
tolongg,tolong,,,
belikan,beli,,,
nggu,nunggu,,,
unt,untuk,,,
terdepn,depan,,,
aammiinn,amin,,,
modrena,moderna,,,
taya,tanya,,,
walupun,walau,,,
utaraitu,utara itu,,,
dimanaini,mana ini,,,
nyariterima,cari terima,,,
prktik,praktik,,,
yuvaksin,yuk vaksin,,,
tuhanz,tuhan,,,
monerna,moderna,,,
covidvaksin,covid vaksin,,,
berkhasiatsejauh,khasiat jauh,,,
signifikansetelah,signifikan setelah,,,
pemerintahmandiri,perintah mandiri,,,
dpat,dapat,,,
pp,apa apa,,,
covidisoman,covid isolasi mandiri,,,
gw,saya,,,
julieskrn,julies karena,,,
sinovacdianggap,sinovac anggap,,,
duabkn,dua bukan,,,
vaksim,vaksin,,,
sbgimn,bagaimana,,,
propinsi,provinsi,,,
manakepulauan,mana pulau,,,
manadari,mana dari,,,
hape,hp,,,
baharu,baru,,,
systematis,sistematis,,,
repotsemoga,repot moga,,,
propinsikepulauan,provinsi pulau,,,
minvaksin,admin vaksin,,,
nopember,november,,,
menolakprovokasi,tolak provokasi,,,
cepatan,cepat,,,
kemasyatakat,ke masyarakat,,,
smwa,semua,,,
pen,ingin,,,
supportvaksinnusantara,support vaksin nusantara,,,
pwrtama,pertama,,,
tpsmpe,tapi sampai,,,
tolongdi,tolong,,,
syaharus,saya harus,,,
mkasih,terima kasih,,,
puskes,puskesmas,,,
smenjak,sejak,,,
adakan,ada,,,
lagigmna,lagi bagaimana,,,
ortunyari,ortu cari,,,
sertivikatnya,sertifikat,,,
tanyavaksin,tanya vaksin,,,
banjarmasinvaksin,banjarmasin vaksin,,,
lalutapi,lalu tapi,,,
smwasaya,semua saya,,,
noniknyatapi,nomor nik tapi,,,
nyasaya,saya,,,
ngalamin,alami,,,
mndftr,daftar,,,
nyaeh,eh,,,
inponya,informasi,,,
cuman,cuma,,,
dapatperjalnn,dapat jalan,,,
gue,saya,,,
donksetelah,dong setelah,,,
imunitynya,imunity,,,
walikotanya,walikota,,,
diterimatelp,terima telepon,,,
direspon,respon,,,
sertifikaty,sertifikat,,,
sertifilat,sertifikat,,,
utaraterimakasih,utara terima kasih,,,
lum,belum,,,
pertamadan,pertama dan,,,
bolehsoalnya,boleh soal,,,
kerjanyadan,kerja dan,,,
kerjastudy,kerja studi,,,
ngin,ingin,,,
sgr,segera,,,
umumselain,umum selain,,,
bgtsaya,banget saya,,,
apk,aplikasi,,,
dimana,mana,,,
komorbit,komorbid,,,
mera,merah,,,
dbls,balas,,,
comorbid,komorbid,,,
phrizer,pfizer,,,
mordema,moderna,,,
lindungipadahal,lindung padahal,,,
novkerja,november kerja,,,
manaqta,mana kita,,,
sanadata,sana data,,,
pakk,bapak,,,
wih,wah,,,
nih,ini,,,
modernakrnnygvsaya,moderna karena yang saya,,,
pfizermenanti,pfizer nanti,,,
dimna,mana,,,
obatobatan,obat obat,,,
jabotabekjawa,jabotabek jawa,,,
islandini,island ini,,,
info,informasi,,,
efikasinya,efikasi,,,
keburu,buru,,,
isoman,isolasi mandiri,,,
sbab,sebab,,,
sembuhnegatif,sembuh negatif,,,
dtanyakn,tanya,,,
nonjkt,non jakarta,,,
kty,kata,,,
vaksinseneng,vaksin senang,,,
semuaputuskan,semua putus,,,
vaksinbagi,vaksin bagi,,,
jawabannyatrmks,jawab terima kasih,,,
nnya,tanya,,,
yea,ya,,,
awaam,awam,,,
sblumnya,belum,,,
faskesnya,faskes,,,
badahl,padahal,,,
ssharusnya,harus,,,
mintapi,admin tapi,,,
susahdaftar,susah daftar,,,
trdkt,dekat,,,
jwbnnya,jawab,,,
tngl,tanggal,,,
jakartamau,jakarta mau,,,
ppkmtrs,ppkm terus,,,
syrat,syarat,,,
loaksi,lokasi,,,
bulsn,bulan,,,
mengirimi,kirim,,,
smsnya,sms,,,
astr,astra,,,
astra,astra,,,
kemenkesterima,kemenkes terima,,,
lalau,kalau,,,
menanyakankemarin,tanya kemarin,,,
stadiumtapi,stadium tapi,,,
terdaftarmohon,daftar mohon,,,
lindungikatanya,lindung kata,,,
tlpon,telepon,,,
trdaftar,daftar,,,
vaksinasigmn,vaksinasi bagaimana,,,
leduli,peduli,,,
smsdihubungi,sms hubung,,,
antre,antri,,,
kagak,tidak,,,
pencerahana,cerah,,,
vaksni,vaksin,,,
masihh,masih,,,
cuekin,cuek,,,
terusmohon,terus mohon,,,
ga,tidak,,,
gakk,tidak,,,
ngga,tidak,,,
nga,tidak,,,
gaa,tidak,,,
kyak,kayak,,,
yg,yang,,,
pulkam,pulang kampung,,,
slotnya,slot,,,
thn,tahun,,,
hbs,habis,,,
kuotanya,kuota,,,
ud,udah,,,
add,ada,,,
gt,gitu,,,
c,covid,,,
trims,terima kasih,,,
kamiada,kami ada,,,
vaksindari,vaksin dari,,,
masyrakt,masyarakat,,,
vaksinklu,vaksin kalau,,,
kantr,kantor,,,
ad,ada,,,
tnda,tanda,,,
vaksinasitrs,vaksinasi terus,,,
iniin,ini,,,
atw,atau,,,
kacam,ancam,,,
kamimohon,kami mohon,,,
donk,dong,,,
dy,dia,,,
jg,juga,,,
prmerintag ,perintah,,,
x,kali,,,
jutasebulan,juta bulan,,,
bhwa,bahwa,,,
taik,tai,,,
tahi,tai,,,
tahik,tai,,,
dikedepankn,depan,,,
buhan,buah,,,
dibisnisin,bisnis,,,
kasihn,kasihan,,,
hallo,halo,,,
buk,ibu,,,
tlg,tolong,,,
pfizermoderna,pfizer moderna,,,
tgl,tanggal,,,
sampe,sampai,,,
kemarentapi,kemarin tapi,,,
tanyajarak,tanya jarak,,,
diribetin,ribet,,,
gk,tidak,,,
than,tahan,,,
hmpir,hampir,,,
dapet,dapat,,,
sm,sama,,,
iy,iya,,,
lgsg,langsung,,,
ayuk,ayo,,,
disumpahin,sumpah,,,
yak,ya,,,
bgus,bagus,,,
gak,tidak,,,
postingan,posting,,,
knp,kenapa,,,
skg,sekarang,,,
say,saya,,,
pgn,ingin,,,
brg,bareng,,,
km,kamu,,,
jwab,jawab,,,
yahh,ya,,,
hi,hai,,,
suda,sudah,,,
repontanya,respon tanya,,,
gimna,bagaimana,,,
percumaa,percuma,,,
kemudi,kemudian,,,
tatacara,tata cara,,,
birus,virus,,,
bg,bagi,,,
trus,terus,,,
kemaren,kemarin,,,
haloo,halo,,,
kompenten,kompeten,,,
kpn,kapan,,,
dtg,datang,,,
kejawa,jawa,,,
jawatengah,jawa tengah,,,
suru,suruh,,,
ktanya,kata,,,
gada,tidak ada,,,
mitu,itu,,,
pdhl,padahal,,,
pencerahanya,cerah,,,
trjadi,jadi,,,
websitenya,website,,,
lemes,lemas,,,
dihilangkanini,hilang ini,,,
yah,ya,,,
sertfkt,sertifikat,,,
perata,rata,,,
td,tadi,,,
lokasilokasi,lokasi lokasi,,,
mendapatkanya,dapat,,,
bil,bilang,,,
sulitsulit,sulit sulit,,,
soalny,soal,,,
kmrn,kemarin,,,
divksin,vaksin,,,
barusn,baru,,,
lahrn,lahir,,,
awlny,awal,,,
sdkit,sedikit,,,
brpngruh,pengaruh,,,
asitlong,asi tolong,,,
dijwab,jawab,,,
nanya,tanya,,,
trima,terima,,,
riliss,rilis,,,
mvtambahannya,tambah,,,
samad,sama dan,,,
neng,senang,,,
bbrp,beberapa,,,
soalnya,soal,,,
sertifikatsmoga,sertifikat moga,,,
abis,habis,,,
fungsinya,fungsi,,,
kpengen,ingin,,,
dirasain,rasa,,,
vaksinasikerjasama,vaksinasi kerjasama,,,
jawabarat,jawa barat,,,
ooh,oh,,,
sebanyakbanyaknya,banyak banyak,,,
tapo,tapi,,,
infoeternyata,informasi nyata,,,
rumahjd,rumah jadi,,,
adildan,adil dan,,,
mbulet,bulet,,,
tegasini ,tegas ini,,,
prosentase,presentase,,,
apalagia,apalagi,,,
jkt,jakarta,,,
bdg,bandung,,,
kd,ke,,,
sihh,sih,,,
pd,pada,,,
tanyasaya,tanya saya,,,
daoaf,dapat,,,
digititu,digit itu,,,
gimanabiar,bagaimana biar,,,
imiun,imun,,,
yaaa,ya,,,
itung,hitung,,,
dongs,dong,,,
ampe,sampai,,,
idup,hidup,,,
gatau,tidak tau,,,
bru,baru,,,
beranidivaksin,berani vaksin,,,
krn,karena,,,
minvaksinasi,admin vaksinasi,,,
ikt,ikut,,,
benerr,benar,,,
dang,dan,,,
tlvn,telepon,,,
bln,bulan,,,
lg,lagi,,,
divaksinn,vaksin,,,
mtr,motor,,,
bs,bisa,,,
jugaa,juga,,,
tdk,tidak,,,
meiliki,milik,,,
asmayg,asma yang,,,
samapai,sampai,,,
kdg,kadang,,,
dr,dari,,,
tertentupdhl,tentu padahal,,,
tangselkapan,tangsel kapan,,,
keatassemuanya,atas semua,,,
tangselmohon,tangsel mohon,,,
kbr,kabar,,,
dblg,bilang,,,
merka,mereka,,,
aq,aku,,,
sii,sih,,,
nii,ini,,,
tempatlink,tempat link,,,
infonyaterima,info terima,,,
indonesiasudah,indonesia sudah,,,
meninggalrakyat,tinggal rakyat,,,
duluttp,dulu tetap,,,
sonoyg,sana yang,,,
stiap,tiap,,,
tdak,tidak,,,
sblmny,belum,,,
harimenkes,hari menkes,,,
vaksinasipada,vaksinasi pada,,,
ditmpt,tempat,,,
mingg,minggu,,,
minusul,admin usul,,,
nikshg,nik sehingga,,,
blmagar,belum agar,,,
sajabisa,saja bisa,,,
lansiamohon,lansia mohon,,,
tercapaisekilas,capai sekilas,,,
infosaat,info saat,,,
kenacovidtk,kena covid,,,
bekasivaksin,bekasi vaksin,,,
pakkalo,bapak kalau,,,
kmaren,kemarin,,,
vaksinsemoga,vaksin moga,,,
sycb,saya coba,,,
sedikitmisal,sedikit misal,,,
penu,penuh,,,
besardaftar,besar daftar,,,
blumadkn,belum ada,,,
smkin,semakin,,,
kryn,karyawan,,,
prshn,perusahaan,,,
paktapi,bapak tapi,,,
mg,minggu,,,
sbgai,sebagai,,,
sgt,sangat,,,
byak,banyak,,,
vaksinhari,vaksin hari,,,
jgn,jangan,,,
sby,surabaya,,,
lgdipedulilindungi,lagi di pedulilindungi,,,
haritapi,hari tapi,,,
kepanggilmasuk,panggil masuk,,,
byknya,banyak,,,
terimkasih,terima kasih,,,
bget,banget,,,
sndri,sendiri,,,
pdhal,padahal,,,
kmn,mana,,,
stlh,setelah,,,
ditolaj,tolak,,,
maap,maaf,,,
bkn,bukan,,,
wpeduliilindungicoid,peduliilindungicoid,,,
dicheck,cek,,,
blum,belum,,,
dim,mana,,,
diinternet,di internet,,,
hub,hubungi,,,
dlam,dalam,,,
tinggaldi,tinggal di,,,
datangminta,datang minta,,,
begitujadi,begitu jadi,,,
berbayarsaya,bayar saya,,,
belibalikpapan,beli balikpapan,,,
diyogyakarta,di yogyakarta,,,
telfon,telepon,,,
menyertaikan,serta,,,
sinopharmdengan,sinopharm dengan,,,
pad,pada,,,
erjasama,kerjasama,,,
jdwalnya,jadwal,,,
cpt,cepat,,,
klau,kalau,,,
kta,kita,,,
indonesiacoba,indonesia coba,,,
udah,sudah,,,
moltempat,mall tempat,,,
keatasjgn,atas jangan,,,
dongke,dong ke,,,
malashrs,malas harus,,,
pendoro,donor,,,
bagimana,bagaimana,,,
mrka,mereka,,,
tanggepan,tanggap,,,
mengjsi,isi,,,
notif,notifikasi,,,
binggung,bingung,,,
ngebaca,baca,,,
bgni,begini,,,
mirisbanget,miris banget,,,
hr,hari,,,
mksdnya,maksud,,,
Cuma,cuma,,,
dirs,di rs,,,
mndptkan,dapat,,,
smntara,sementara,,,
umrohhaji,umroh haji,,,
hrs,harus,,,
dgn,dengan,,,
ttg,tentang,,,
cr,cari,,,
ktpanak,ktp anak,,,
ddepok,depok,,,
depokmau,depok mau,,,
dijktkarena,di jakarta karena,,,
dijktharus,di jakarta harus,,,
domisilisedangkan,domisili sedang,,,
tuk,untuk,,,
domisilitolong,domisili tolong,,,
yanak,anak,,,
umummohon,umum mohon,,,
dijakarta,di jakarta,,,
baguss,bagus,,,
filek,pilek,,,
kabtangerangusia,kabupaten tangerang usia,,,
jarumnya,jarum,,,
dikeluarin,keluar,,,
bepergianpadahal,pergi padahal,,,
samasama,sama sama,,,
domisiliteman,domisili teman,,,
vaksintp,vaksin tapi,,,
semuasaya,semua saya,,,
skrg,sekarang,,,
lahur,lahir,,,
vaksindri,vaksin dari,,,
msuk,masuk,,,
adasya,ada saya,,,
adabagaimana,ada bagaimana,,,
mendpatkn,dapat,,,
dukungkemenkesri,dukung kemenkes ri,,,
halhal,hal hal,,,
ko,kok,,,
owh,oh,,,
perusahaankarena,perusahaan karena,,,
pribadimohon,pribadi mohon,,,
walaupunsaya,walaupun saya,,,
vaksintahap,vaksin tahap,,,
klopun,kalau,,,
byk,banyak,,,
divaksinjg,vaksin juga,,,
d,di,,,
boos,bos,,,
karyawannya,karyawan,,,
bnyk,banyak,,,
alasanya,alasan,,,
nelp,telepon,,,
mngena,kena,,,
yaa,ya,,,
ayoo,ayo,,,
adaa,ada,,,
orgx,orang,,,
sakitmalah,sakit malah,,,
brarti,berarti,,,
sebenernya,benar,,,
tdi,tadi,,,
okt,oktober,,,
smg,moga,,,
jdinya,jadi,,,
dishare,share,,,
indonesiakegiatan,indonesia giat,,,
kesehatansentra,sehat sentra,,,
ktpjika,ktp jika,,,
diurusin,urus,,,
diduluin,dulu,,,
mbutuhkan,butuh,,,
brsedia,sedia,,,
mndonorkan,donor,,,
trkait,kait,,,
gerakandonorplasmakovalen,gerak donor plasma kovalen,,,
kitagak,kita tidak,,,
divaksinskip,vaksin skip,,,
sajayg,saja yang,,,
lbh,lebih,,,
didahulukandan,dahulu dan,,,
dsbkonteks,dan bagai konteks,,,
kanlalu,kan lalu,,,
intinyajd,inti jadi,,,
dlm,dalam,,,
tanyak,tanya,,,
tnyapakah,tanya apakah,,,
menyusuimohon,susu mohon,,,
dijwb,jawab,,,
mintau,admin tau,,,
nitizen,netizen,,,
dibantutrm,bantu terima,,,
rang,orang,,,
balitanya,balita,,,
nencleseperti,mencle seperti,,,
pakada,bapak ada,,,
sendiriplease,sendiri please,,,
jwb,jawab,,,
gksudah,tidak sudah,,,
realisasigk,realisasi tidak,,,
masyarkat,masyarakat,,,
karyawanya,karyawan,,,
dlaam,dalam,,,
diijinkan,izin,,,
sj,saja,,,
pelaksanaanya,laksana,,,
lanjukah,lanjut,,,
umu,umum,,,
komorbidnya,komorbid,,,
gag,tidak,,,
justkiddinglho,justkidding lho,,,
skla,skala,,,
laa,lha,,,
samaskali,sama kali,,,
hadeeuuhh,aduh,,,
dibunuhin,bunuh,,,
maav,maaf,,,
coronanya,corona,,,
org,orang,,,
ternyatasaya,nyata saya,,,
menghindari,hindar,,,
mangabaikan,abai,,,
tmbh,tambah,,,
hnya,hanya,,,
diswab,swab,,,
nunggu,tunggu,,,
nungguin,tunggu,,,
mengalihkan,alih,,,
efektivisannya,efektivitas,,,
mkin,makin,,,
ati,hati,,,
dijadiin,jadi,,,
uda,udah,,,
nyepelein,sepele,,,
sepelein,sepele,,,
sll,selalu,,,
yuuk,yuk,,,
berguna,guna,,,
ingetin,inget,,,
laen,lain,,,
alloh,allah,,,
bukannya,bukan,,,
emg,memang,,,
trinfeksi,infeksi,,,
mmg,memang,,,
emang,memang,,,
mknya,maka,,,
spy,supaya,,,
mncegah,cegah,,,
k,ke,,,
br,baru,,,
mgkn,mungkin,,,
brp,berapa,,,
bwt,buat,,,
ngulang,ulang,,,
cepet,cepat,,,
cepetan,cepat,,,
ket,terang,,,
bksi,bekasi,,,
perantoan,rantau,,,
kpg,kampung,,,
blk,balik,,,
lagisaya,lagi saya,,,
nyadan,nya dan,,,
msh,masih,,,
dsuruh,suruh,,,
hrus,harus,,,
krim,kirim,,,
rb,ribu,,,
disemarang,di semarang,,,
segara,segera,,,
mandiriperoranganbisa,mandiri orang bisa,,,
tatap,tetap,,,
sya,saya,,,
orng,orang,,,
yng,yang,,,
gam,bagaimana,,,
mengeneralisasi,generalisasi,,,
tu,itu,,,
nich,ini,,,
udh,sudah,,,
sbg,bagai,,,
spesrta,peserta,,,
bner,benar,,,
gmn,bagaimana,,,
pemerintahpanitia,perintah panitia,,,
vaksinatornya,vaksinator,,,
sdgkn,sedang,,,
gencartrims,gencar terima kasih,,,
dinfokan,informasi,,,
mentutaskan,tuntas,,,
yasoalnya,ya soal,,,
dah,sudah,,,
make,pakai,,,
iaa,iya,,,
pake,pakai,,,
esertifikatnya,sertifikat,,,
penderota,derita,,,
gapernah,tidak pernah,,,
dg,dengan,,,
makkassar,makassar,,,
dkikarena,dki karena,,,
dkiyg,dki yang,,,
masingmasing,masing masing,,,
infonyaklo,info kalau,,,
bgmn,bagaimana,,,
varia,varian,,,
nggak,tidak,,,
ngak,tidak,,,
adlah,adalah,,,
sperti,seperti,,,
skrnh,sekarang,,,
ktnya,kata,,,
ektp,ktp,,,
pk,pakai,,,
diaerah,daerah,,,
msukan,masuk,,,
lngsung,langsung,,,
lbih,lebih,,,
simpeltoh,simpel,,,
kmrin,kemarin,,,
mengwajibkan,wajib,,,
bandungbaleendahdan,bandung baleendah dan,,,
bgmna,bagaimana,,,
ni,ini,,,
sertifikatya,sertifikat ya,,,
dung,dong,,,
thks,terima kasih,,,
buwat,buat,,,
sdg,sedang,,,
klg,keluarga,,,
tx,terima kasih,,,
bekas,bekasi,,,
vasilitasnya,fasilitas,,,
kzl,kesal,,,
domisilisurat,domisili surat,,,
may,mei,,,
dijaksel,di jaksel,,,
vaksinasijgn,vaksinasi jangan,,,
notlp,nomor telepon,,,
ngedata,data,,,
tmn,teman,,,
ktpwalau,ktp walau,,,
adaform,ada form,,,
ktpsaja,ktp saja,,,
sendiriterbayang,sendiri bayang,,,
spt,seperti,,,
tagan,tangan,,,
diperbaikilebih,baik lebih,,,
dipermudahapalagi,mudah apalagi,,,
vaksindgn,vaksin dengan,,,
ituapa,itu apa,,,
mrkini,mereka ini,,,
skdr,sekadar,,,
ratax,rata,,,
ktpxan,ktp,,,
temanteman,teman teman,,,
terluntalunta,lunta lunta,,,
dkt,dekat,,,
rim,kirim,,,
mksh,terima kasih,,,
krna,karena,,,
diarahin,arah,,,
daftat,daftar,,,
kl,kalau,,,
blom,belum,,,
mnta,minta,,,
dbuka,buka,,,
tahum,tahun,,,
mandiriuntuk,mandiri untuk,,,
bbrpa,beberapa,,,
knpa,kenapa,,,
na,nya,,,
liat,lihat,,,
nunggunya,tunggu,,,
divaksinya,vaksin,,,
ne,ini,,,
sehulingga,sehingga,,,
vakain,vaksin,,,
ngiri,iri,,,
beritain,berita,,,
bnyak,banyak,,,
brrti,berarti,,,
pakek,pakai,,,
adl,adalah,,,
luci,lucu,,,
dijalanin,jalan,,,
seharusnya,harus,,,
dtambah,tambah,,,
prnh,pernah,,,
stelah,telah,,,
komenan,komentar,,,
komen,komentar,,,
jawabanya,jawab,,,
ja,aja,,,
yh,ya,,,
pemprove,pemprov,,,
klu,kalau,,,
bgtu,begitu,,,
nmr,nomor,,,
sebenarnya,benar,,,
ternyataa,nyata,,,
masak,masa,,,
y,ya,,,
pfizerbiontech,pfizer biontech,,,
masyrakat,masyarakat,,,
hmudah,udah,,,
tnya,tanya,,,
dsini,sini,,,
ngikutin,ikut,,,
abs,habis,,,
astar,astra,,,
ngutang,hutang,,,
plu,plus,,,
klo,kalau,,,
jdi,jadi,,,
ngasih,kasih,,,
dongg,dong,,,
ky,kayak,,,
bknkah,bukan kah,,,
antibodynya,antibodi,,,
oya,oh ya,,,
nakees,nakes,,,
pngn,ingin,,,
cpet,cepat,,,
cra,cara,,,
mudahmudahan,mudah mudah,,,
raksi,reaksi,,,
slalu,selalu,,,
penuhkuota,penuh kuota,,,
penyelengaranya,selenggara,,,
niatgasih,niat tidak sih,,,
sebagainya,bagai,,,
smd,samarinda,,,
tgr,tangerang,,,
kesehatann,sehat,,,
diselenggarain,selenggara,,,
datengin,datang,,,
malangjawa,malang jawa,,,
kt,kata,,,
cm,cuma,,,
dpt,dapat,,,
hib,hibah,,,
cma,cuma,,,
yukapapun,yuk apa,,,
bagusjangan,bagus jangan,,,
vaksinsemua,vaksin semua,,,
bagustergantung,bagus gantung,,,
masingklo,masing kalau,,,
fitya,fit ya,,,
maksimaltp,maksimal tapi,,,
yabukan,ya bukan,,,
ksh,kasih,,,
onlen,online,,,
sertifikak,sertifikat,,,
jawb,jawab,,,
nnt,nanti,,,
kuy,yuk,,,
kliatannya,keliatan,,,
kebnykan,banyak,,,
tsb,sebut,,,
jan,jangan,,,
yok,yuk,,,
yokk,yuk,,,
vaksinn,vaksin,,,
ngapan,engap,,,
mintlp,admin telepon,,,
th,tahun,,,
mengintruksikan,instruksi,,,
masuksy,masuk saya,,,
ngk,tidak,,,
kejadiannyayang,jadi yang,,,
nasionalpadahal,nasional padahal,,,
mallatas,mall atas,,,
sendiripilih,sendiri pilih,,,
vaksinyyapelayanan,vaksin layan,,,
indonesiaamari,indonesia mari,,,
cri,cari,,,
tmpt,tempat,,,
vaksinkapan,vaksin kapan,,,
yha,ya,,,
duluan,dulu,,,
duluin,dulu,,,
memyebabkn,sebab,,,
aada,ada,,,
gatalgatal,gatal gatal,,,
kirakira,kira kira,,,
cape,capek,,,
sja,saja,,,
tanggerang,tangerang,,,
astrazaneka,astrazeneca,,,
nyadi,nya di,,,
kls,kelas,,,
begimana,bagaimana,,,
smakin,makin,,,
jga,juga,,,
dpanggil,panggil,,,
bhn,bahan,,,
jkrt,jakarta,,,
bgmana,bagaimana,,,
kpd,kepada,,,
untk,untuk,,,
engga,tidak,,,
sie,sih,,,
sblmnya,belum,,,
tq,terima kasih,,,
kyk,kayak,,,
sendirisaya,sendiri saya,,,
orghari,orang hari,,,
ribetnya,ribet,,,
tolonh,tolong,,,
hayu,yuk,,,
semuatetap,semua tetap,,,
maksutkupencerahannya,maksud cerah,,,
bgi,bagi,,,
macem,macam,,,
dbrikan,beri,,,
brpa,berapa,,,
smog,moga,,,
sager,segera,,,
sndiri,sendiri,,,
tmen,teman,,,
nawari,tawar,,,
nanggepin,anggap,,,
mndadak,dadak,,,
sekrang,sekarang,,,
karna,karena,,,
cieeee,cie,,,
kemn,mana,,,
lwt,lewat,,,
tri,menteri,,,
prnah,pernah,,,
gitulah,gitu,,,
jelatamah,jelata mah,,,
brdasarkan,dasar,,,
st,satu,,,
hasilx,hasil,,,
mesti,musti,,,
qta,kita,,,
py,punya,,,
gapunya,tidak punya,,,
merk,merek,,,
srtifikat,sertifikat,,,
mna,mana,,,
gausah,tidak perlu,,,
swabpcr,swab pcr,,,
paksy,bapak saya,,,
krena,karena,,,
pdahal,padahal,,,
menghawatikan,khawatir,,,
sertikat,sertifikat,,,
dikorea,di korea,,,
dgr,dengar,,,
bsa,bisa,,,
bal,bali,,,
g,tidak,,,
ahh,ah,,,
gabisa,tidak bisa,,,
sertifikasi,sertifikat,,,
dtunggu,tunggu,,,
kluar,keluar,,,
persyaratan,syarat,,,
yaah,ya,,,
pendftaran,daftar,,,
loo,lho,,,
kann,kan,,,
males,malas,,,
ngubah,ubah,,,
gda,tidak ada,,,
gimn,bagaimana,,,
ngelamar,lamar,,,
penyintas,sintas,,,
dlu,dulu,,,
kq,kok,,,
bawaanatau,bawa atau,,,
koq,kok,,,
maen,main,,,
dibodohin,bodoh,,,
sinhoparm,sinopharm,,,
wbmohon,wb mohon,,,
gapapa,tidak apa apa,,,
mayarakat,masyarakat,,,
blh,boleh,,,
sma,sama,,,
skali,sekali,,,
gaada,tidak ada,,,
ditelponin,telepon,,,
pda,pada,,,
ap,apa,,,
prodak,produk,,,
bangat,banget,,,
diupdate,update,,,
difokusin,fokus,,,
pnjang,panjang,,,
indosesia,indonesia,,,
ngerayu,rayu,,,
terkendali,kendali,,,
ternyta,nyata,,,
nakesnya,nakes,,,
outletoutlet,outlet outlet,,,
prof,profesor,,,
pa,bapak,,,
poko,pokok,,,
cman,cuma,,,
sakal,sekali,,,
modernasaya,moderna saya,,,
u,untuk,,,
percma,percuma,,,
ninggal,tinggal,,,
smua,semua,,,
xboleh,boleh,,,
makas,terima kasih,,,
prlu,perlu,,,
hdp,hidup,,,
euyy,euy,,,
menjawab,jawab,,,
webinarnya,webinar,,,
takuttt,takut,,,
ama,sama,,,
dri,dari,,,
clinis,klinis,,,
ny,nya,,,
mndpt,dapat,,,
aamiin,amin,,,
kn,kan,,,
dok,dokter,,,
lai,lain,,,
boss,bos,,,
menghimbau,himbau,,,
dapetin,dapat,,,
amiin,amin,,,
ingatin,ingat,,,
wibdata,wib data,,,
ditunggujenewa,tunggu jenewa,,,
kesehatanada,sehat ada,,,
negaranegara,negara negara,,,
covidselasa,covid selasa,,,
sampek,sampai,,,
ngedatangin,datang,,,
sdah,sudah,,,
tangerangtpi,tangerang tapi,,,
mrk,mereka,,,
perjalanann,jalan,,,
jdwl,jadwal,,,
pantes,pantas,,,
jawaba,jawab,,,
perkrja,pekerja,,,
merintah,perintah,,,
sdangkan,sedang,,,
ntar,nanti,,,
aj,aja,,,
smpai,sampai,,,
ciee,cie,,,
bangeet,banget,,,
didatengin,datang,,,
ngantri,antri,,,
responnya,respon,,,
hahahaaha,hahaha,,,
negri,negeri,,,
pwmupihan,pulih,,,
nambah,tambah,,,
curioustanggapannya,curious tanggap,,,
pertma,pertama,,,
diragunakan,ragu,,,
product,produk,,,
khan,kan,,,
pandemic,pandemi,,,
laincoba,lain coba,,,
mrekakayak,mereka kayak,,,
negriku,negeri,,,
sepertinyappkm,seperti ppkm,,,
minamin,amin,,,
yhiaaa,ya,,,
gratiss,gratis,,,
baek,baik,,,
bree,bro,,,
skuy,yuk,,,
la,lha,,,
seminggubiar,minggu biar,,,
sy,saya,,,
ehh,eh,,,
didaftarin,daftar,,,
datangi,datang,,,
ka,kak,,,
dijelasin,jelas,,,
hny,hanya,,,
dech,deh,,,
loh,lho,,,
beribett,ribet,,,
bersitegang,tegang,,,
singkron,sinkron,,,
disampit,di sampit,,,
ilang,hilang,,,
skt,sakit,,,
nihhh,ini,,,
nolak,tolak,,,
smoga,moga,,,
screeningnya,skrining,,,
ato,atau,,,
utk,untuk,,,
terimaksih,terima kasih,,,
report,repot,,,
haei,hari,,,
cum,cuma,,,
masyrakaat,masyarakat,,,
extra,ekstra,,,
bajar,belajar,,,
vakson,vaksin,,,
tlp,telepon,,,
ae,aja,,,
sedino,hari,,,
mari,selesai,,,
yoo,ya,,,
menyangkut,sangkut,,,
jwban,jawab,,,
ciptain,cipta,,,
didapet,dapat,,,
kaga,tidak,,,
didiemin,diem,,,
nyuruh,suruh,,,
ngmng,ngomong,,,
apakabar,apa kabar,,,
donks,dong,,,
mengsedih,sedih,,,
kmren,kemarin,,,
hbis,habis,,,
kaka,kakak,,,
smpe,sampai,,,
cucok,cocok,,,
dmn,mana,,,
tw,tau,,,
ngerasa,rasa,,,
jiahmana,mana,,,
jthr,juta hari,,,
jthrudh,juta hari udah,,,
lahbenerin,benar,,,
dl,dulu,,,
nybaru,nya baru,,,
ngiklangimana,iklan bagaimana,,,
mao,mau,,,
immunitykl,immunity kalau,,,
puskesmasmembludak,puskesmas bludak,,,
vaksincoba,vaksin coba,,,
mo,mau,,,
vaksinjauhtarget,vaksin jauh target,,,
capaijgn,capai jangan,,,
ajudh,aja udah,,,
jtnaik,juta naik,,,
jt,juta,,,
lebihbsk,lebih besok,,,
lghadehjgn,lagi hadeh jangan,,,
nycc,nya,,,
bayk,banyak,,,
truss,terus,,,
sberapa,berapa,,,
keamananya,aman,,,
punyak,punya,,,
mudikx,mudik,,,
digimana,bagaimana,,,
vaksi,vaksin,,,
didatangin,datang,,,
seterusnya,terus,,,
perhatikankarna,perhati karena,,,
khusunya,khusus,,,
mecaripadahal,cari padahal,,,
penyitas,sintas,,,
tersbut,sebut,,,
onli,online,,,
rakyan,rakyat,,,
payahh,payah,,,
dikalimantan,di kalimantan,,,
wahh,wah,,,
seeh,sih,,,
emis,ngemis,,,
hello,halo,,,
woii,woi,,,
penginputan,input,,,
vaksebelum,belum,,,
ku,aku,,,
meninggalsin,tinggal,,,
pering,ringan,,,
dunk,dong,,,
dibatasin,batas,,,
neh,ini,,,
gimana,bagaimana,,,
kuotanyadan,kuota dan,,,
pny,punya,,,
kesadaraan,sadar,,,
pendaftaraan,daftar,,,
pembuata,buat,,,
ditujuk,tunjuk,,,
pedululindungi,pedulilindungi,,,
gerd,herd,,,
tehnologi,teknologi,,,
vaksiniklan,vaksin iklan,,,
sajatapi,saja tapi,,,
vaksinke,vaksin ke,,,
panggilantapi,panggil tapi,,,
yu,yuk,,,
dibalaskomen,balas komentar,,,
sertifikatini,sertifikat ini,,,
yaanak,ya anak,,,
diusruh,suruh,,,
respongimana,respon bagaimana,,,
lsg,langsung,,,
vaksineh,vaksin eh,,,
taiklah,tai,,,
des,desember,,,
dekk,dik,,,
hadeuuh,aduh,,,
nonik,nomor nik,,,
kenapaa,kenapa,,,
anknya,anak,,,
emaknya,ibu,,,
kecolongam,colong,,,
milu,pemilu,,,
sudh,sudah,,,
akn,akan,,,
sekalinya,sekali,,,
bntu,bantu,,,
ngurusin,urus,,,
heloo,halo,,,
nunjukin,tunjuk,,,
gx,tidak,,,
lgsung,langsung,,,
lancr,lancar,,,
melaksanakan,laksana,,,
dipake,pakai,,,
nyambung,sambung,,,
jugaaa,juga,,,
atuhh,atuh,,,
daemontelpon,daemon telepon,,,
ngabisin,habis,,,
katanya,kata,,,
bsia,bisa,,,
siapbirokrasi,siap birokrasi,,,
ngumpul,kumpul,,,
marahnah,marah,,,
parkirandlm,parkir dalam,,,
mf,maaf,,,
lgi,lagi,,,
duuhhlama,aduh lama,,,
ngerasain,rasa,,,
rtrwpuskeskbkotaprovinsipusatkemenkes,rt rw puskesmas kabupaten kota provinsi pusat kemenkes,,,
makasih,terima kasih,,,
berkumpulah,kumpul,,,
vaksintidk,vaksin tidak,,,
aaamin,amin,,,
riadek,ri adik,,,
adek,adik,,,
psitif,positif,,,
vaksiin,vaksin,,,
disuntikann,suntik,,,
bnr,benar,,,
pingin,ingin,,,
tolonglah,tolong,,,
abisa,bisa,,,
efiktif,efektif,,,
vitaminmineral,vitamin mineral,,,
dibiling,bilang,,,
krumunan,kerumun,,,
penumpukankeramaian,tumpuk ramai,,,
rame,ramai,,,
masingpadahal,masing padahal,,,
nyacari,nya cari,,,
dijogja,di jogja,,,
mnerima,terima,,,
sempet,sempat,,,
dmna,mana,,,
validlokasi,valid lokasi,,,
sertifika,sertifikat,,,
plg,pulang,,,
prokesnya,prokes,,,
berpontensi,potensi,,,
djvaksin,vaksin,,,
sulse,sulsel,,,
gmana,bagaimana,,,
ngevaksinnya,vaksin,,,
nyilu,ngilu,,,
dn,dan,,,
oy,woi,,,
ngeliat,liat,,,
dh,sudah,,,
adaaaa,ada,,,
terbataskenapa,batas kenapa,,,
menurunitu,turun itu,,,
logicdatadan,logic data dan,,,
ndak,tidak,,,
apasudah,apa sudah,,,
hrsnya,harus,,,
gmna,bagaimana,,,
dtng,datang,,,
tow,to,,,
kasi,kasihan,,,
ayovaks,ayo vaksin,,,
ncovid,covid,,,
utamain,utama,,,
sekarng,sekarang,,,
bbrapa,beberapa,,,
mokad,tinggal,,,
kelewatan,lewat,,,
pautin,paut,,,
iniindonesia,ini indonesia,,,
pendafataran,daftar,,,
ditindaklanjuti,tindak lanjut,,,
sertifnya,sertifikat,,,
onlinenya,online,,,
meminimalisir,minimalisir,,,
nyaa,nya,,,
kotawaringin,kota waringin,,,
mulu,melulu,,,
penjelasan,jelas,,,
kog,kok,,,
pjg,panjang,,,
kendalasertifikat,kendala sertifikat,,,
beraktifitas,aktivitas,,,
tajurciledugtangerang,tajur ciledug tangerang,,,
jawatimur,jawa timur,,,
tkut,takut,,,
adminitrasi,administrasi,,,
berkrumun,kerumun,,,
dripda,daripada,,,
gpp,tidak apa apa,,,
tgn,tangan,,,
smssdgkn,sms sedang,,,
mskan,masuk,,,
sebenrnya,benar,,,
mw,mau,,,
ank,anak,,,
rmh,rumah,,,
aktifitas,aktivitas,,,
yanegara,ya negara,,,
klw,kalau,,,
ngilang,hilang,,,
mba,mbak,,,
koment,komentar,,,
kesel,kesal,,,
ajah,aja,,,
denpasarsaya,denpasar saya,,,
haruus,harus,,,
masalau,masalah,,,
jng,jangan,,,
nyesel,kesal,,,
ngadu,adu,,,
kemenkesridisimalungun,kemenkes ri di simalungun,,,
tnpa,tanpa,,,
tindaklanjutnya,tindak lanjut,,,
bersangkutan,sangkut,,,
pelaksanan,laksana,,,
msk,masuk,,,
seperri,seperti,,,
benara,benar,,,
lambatkurang,lambat kurang,,,
whey,woi,,,
kmarin,kemarin,,,
dipastiin,pasti,,,
gratisin,gratis,,,
yuu,yuk,,,
masyaraakat,masyarakat,,,
setangah,tengah,,,
isomangimana,isolasi mandiri bagaimana,,,
kpan,kapan,,,
liar,luar,,,
nyalahin,salah,,,
amen,amin,,,
maubgmn,mau bagaimana,,,
pke,pakai,,,
dsni,disini,,,
ngebayangin,bayang,,,
aduhh,aduh,,,
galaau,galau,,,
gtu,gitu,,,
huhuu,huhu,,,
jajaranya,jajaran,,,
dsedikit,sedikit,,,
dipintarin,pintar,,,
hotlinenya,hotline,,,
dak,tidak,,,
hubungin,hubung,,,
diapain,apa,,,
gausa,tidak perlu,,,
pirbalingga,purbalingga,,,
kek,kayak,,,
da,ada,,,
ajja,aja,,,
kikutbyg,ikut yang,,,
mering,ringan,,,
menghargai,harga,,,
telanjur,lanjur,,,
pinter,pintar,,,
barusan,baru,,,
wkt,waktu,,,
lgs,langsung,,,
wkwkwkwkw,wkwkwk,,,
wkwk,wkwkwk,,,
wktu,waktu,,,
wkwkk,wkwkwk,,,
Wkwkwkwkw,wkwkwk,,,
jelasin,jelas,,,
lurah,kelurahan,,,
camat,kecamatan,,,
mengakomodir,akomodir,,,
dbutuhkan,butuh,,,
duh,aduh,,,
takutin,takut,,,
menyusui,susu,,,
tho,to,,,
ngilangin,hilang,,,
dibutuhin,butuh,,,
digbk,di gbk,,,
sedangkan,sedang,,,
ngebucin,bucin,,,
rakyak,rakyat,,,
gamau,tidak mau,,,
riwariwi,wira wiri,,,
dikit,sedikit,,,
aju,laju,,,
arahaannya,arah,,,
orangtua,orang tua,,,
jadiin,jadi,,,
jatung,jantung,,,
tuh,itu,,,
ngegacha,gacha,,,
pengin,ingin,,,
servicenya,service,,,
cus,pergi,,,
dikatain,kata,,,
muntahin,muntah,,,
undangan,undang,,,
ngadain,ada,,,
ngeluarin,keluar,,,
dar,dari,,,
respontanya,respon tanya,,,
postingannya,posting,,,
nyari,cari,,,
milih,pilih,,,
hugss,hugs,,,
bu,ibu,,,
pak,bapak,,,
hei,hai,,,
hey,hai,,,
mimin,admin,,,
min,admin,,,
complaint,komplain,,,
alhamdulilah,alhamdulillah,,,
perasa,rasa,,,
pelangaran,langgar,,,
pelanggaran,langgar,,,
bosen,bosan,,,
jaman,zaman,,,
ratenya,rate,,,
ngapa,kenapa,,,
kalo,kalau,,,
sebelum,belum,,,
zaneca,zeneca,,,
zanecca,zeneca,,,
zaneeca,zeneca,,,
antivaksin,anti vaksin,,,
nyamperin,samper,,,
gencer,gencar,,,
vidio,video,,,
vid,video,,,
prmerintag,perintah,,,
digebukin,gebuk,,,
gini,begini,,,
vgr,vaksin gotong royong,,,
keluarin,keluar,,,
denger,dengar,,,
tering,ringan,,,
tegasini,tegas ini,,,
si,sih,,,
napas,nafas,,,
astrazenecca,astrazeneca,,,
dateng,datang,,,
kerumuman,kerumun,,,
screening,skrining,,,
indonesiaudah,indonesia sudah,,,
cluster,kluster,,,
sprti,seperti,,,
jdwal,jadwal,,,
dibbrpa,beberapa,,,
vaksinasihari,vaksinasi hari,,,
bayangkara,bhayangkara,,,
patokin,patok,,,
jatahin,jatah,,,
diminahasa,di minahasa,,,
ditanyain,tanya,,,
belibet,ribet,,,
mancapai,capai,,,
pendatangminta,datang minta,,,
bngkrut,bangkrut,,,
daerahdaerah,daerah daerah,,,
gn,begini,,,
puter,putar,,,
aplikasijaki,aplikasi jaki,,,
haduh,aduh,,,
bayangin,bayang,,,
disikon,sikon,,,
vouchernya,voucher,,,
phizer,pfizer,,,
bedu,debu,,,
sema,semua,,,
teruss,terus,,,
aztrazeneca,astrazeneca,,,
pait,pahit,,,
pnya,punya,,,
asthrazeneca,astrazeneca,,,
pemerintahdulu,perintah dulu,,,
mangkanya,maka,,,
lindungin,lindung,,,
skrng,sekarang,,,
tinggal,tinggal,,,
ush,perlu,,,
terapin,terap,,,
kitaa,kita,,,
dom,domisili,,,
z,zeneca,,,
skarang,sekarang,,,
fi,di,,,
menayakan,tanya,,,
paak,bapak,,,
masyakat,masyarakat,,,
ortu,orang tua,,,
berpikirnyapertanyaanya,pikir tanya,,,
itnya,it,,,
snovac,sinovac,,,
pmerintah,perintah,,,
mmperhatikan,perhati,,,
ngomongin,omong,,,
terlancak,lacak,,,
menulispadahal,tulis padahal,,,
mas,masih,,,
dimasukin,masuk,,,
semuaa,semua,,,
kegmn,ke bagaimana,,,
ngmg,ngomong,,,
efektifitasnya,efektifitas,,,
nularkan,tular,,,
vit,vitamin,,,
kemari,ke mari,,,
komplen,komplain,,,
disalahin,salah,,,
melunjak,lunjak,,,
tdur,tidur,,,
alihin,alih,,,
duli,peduli,,,
brapa,berapa,,,
dengerin,dengar,,,
nularin,tular,,,
batu,bantu,,,
bp,bapak,,,
keliatan,liat,,,
skit,sakit,,,
seribet,ribet,,,
gnti,ganti,,,
bis,bisa,,,
gatel,gatal,,,
gatelnya,gatal,,,
diancungi,acung,,,
mreka,mereka,,,
cb,coba,,,
hubungi,hubung,,,
ngurus,urus,,,
ngedit,edit,,,
ngeditnya,edit,,,
nerima,terima,,,
pascavaksinasi,pasca vaksinasi,,,
sodaranya,saudara,,,
vasin,vaksin,,,
adain,ada,,,
persayaratan,syarat,,,
pertanyan,tanya,,,
tinggalin,tinggal,,,
utang,hutang,,,
ambilin,ambil,,,
dng,dengan,,,
covod,covid,,,
nulis,tulis,,,
vakin,vaksin,,,
menjdi,jadi,,,
yv,yuk,,,
iyaa,iya,,,
america,amerika,,,
dibandingankan,banding,,,
tampa,tanpa,,,
pertana,pertama,,,
nurut,turut,,,
mlh,malah,,,
alesan,alas,,,
skrang,sekarang,,,
kmudian,kemudian,,,
sblm,belum,,,
masyarakaat,masyarakat,,,
doank,doang,,,
qt,kita,,,
smw,semua,,,
mn,mana,,,
slama,lama,,,
mikir,pikir,,,
semenjak,sejak,,,
numpuk,tumpuk,,,
daftarin,daftar,,,
laksa,laksana,,,
aturan,atur,,,
peraturan,atur,,,
laper,lapar,,,
slesai,selesai,,,
mala,malah,,,
copid,covid,,,
urusin,urus,,,
apanejare,apa,,,
raoleh,oleh,,,
matane,mata,,,
bngt,banget,,,
sebenrny,benar,,,
segitu,gitu,,,
nunda,tunda,,,
nyampe,sampai,,,
bener,benar,,,
astrazenica,astrazeneca,,,
nyesesalnya,sesal,,,
dihubungin,hubung,,,
nyimak,simak,,,
nggk,tidak,,,
apalgi,apalagi,,,
ramhadhan,ramadhan,,,
telpon,telepon,,,
benerin,benar,,,
ituu,itu,,,
datangin,datang,,,
sprt,seperti,,,
sllu,selalu,,,
serem,seram,,blg,bilang
nyerah,serah,,,
kalao,kalau,,,
moderma,moderna,,,
ngurusnya,urus,,,
mundurin,mundur,,,
memghitung,hitung,,,
sni,sini,,,
evektifasi,efektivitas,,,
jk,jika,,,
asalamualaikum,assalamualaikum,,,
